Servicio de salud|Cargo
CESFAM|PROFESIONAL DE ALIMENTACIÓN
CESFAM|PROFESIONAL O TÉCNICO
CESFAM|ODONTÓLOGO GENERAL GES
CESFAM|TERAPEUTA MEDICINA COMPLEMENTARIA PARA PROMOCIÓN ACT. TABACO
CESFAM|PROFESIONAL
COSAM|TRABAJADOR/A SOCIAL
CESFAM|ADMINISTRATIVO
COSAM|MÉDICO CON ESPECIALIDAD EN PSIQUIATRÍA ADULTO
CESFAM|MÉDICO PARA RESOLUCIÓN DE LISTAS DE ESPERA Y OTROS CONVENIOS
CESFAM|MATRONA
CESFAM|MÉDICO OFTALMÓLOGO
CESFAM|ADMINISTRATIVO CESFAM PARA RESOLUCIÓN DE LISTAS DE ESPERA Y OTROS CONVENIOS
CESFAM|LABORATORISTA DENTAL
CESFAM|ODONTÓLOGO OTROS CONVENIOS SSMO Y MUNICIPALIDAD
CESFAM|PROFESIONAL O TERAPEUTA
CESFAM|PROFESIONAL ABOGADO
COSAM|PSICÓLOGO/A INFANTO JUVENIL
CESFAM|ENFERMERA
CESFAM|PROFESOR DE EDUCACIÓN FÍSICA
SAPU|MÉDICO SAPU
COSAM|ENFERMERA
CESFAM|KINESIÓLOGO
CESFAM|GESTOR MUNICIPAL DIGITADOR
CESFAM|PROFESIONAL PSICÓLOGO Y/O SOCIÓLOGO
COSAM|PSICOPEDAGOGA/O
CESFAM|TÉCNICO NIVEL SUPERIOR ADMINISTRATIVO
CESFAM|PROFESIONAL O TÉCNICO EN COCINA
COSAM|TÉCNICO EN REHABILITACIÓN
SAPU|ENFERMERA SAPU
COSAM|FONOAUDIÓLOGA/O
CESFAM|TÉCNICO EN INFORMÁTICA
CESFAM|PROFESIONAL PERIODISTA
CESFAM|PROFESIONAL, TÉCNICO O INSTRUCTOR ACTIVIDAD FÍSICA
CESFAM|MÉDICO ECG
CESFAM|PROFESIONAL OPERATIVOS DE SALUD (MATRONA, ENFERMERA, KINESIOÓLOGO, NUTRICIONSITA)
CESFAM|PODÓLOGA
COSAM|MONITORA PARA DESARROLLAR TALLER YOGA
CESFAM|TERAPEUTA OCUPACIONAL
CESFAM|TENS CONVENIOS SSMO
COSAM|TERAPEUTA OCUPACIONAL
CESFAM|NUTRICIONISTA
CESFAM|TÉCNICO NIVEL SUPERIOR EN ENFERMERÍA (TENS)
CESFAM|TÉCNICO NIVEL SUPERIOR
CESFAM|MÉDICO ESPECIALISTA EN GINECOLOGÍA
CESFAM|PROFESIONAL CONSULTOR/A EN LACTANCIA MATERNA
CESFAM|ODONTÓLOGO ESPECIALISTA
COSAM|PROFESOR O PROFESIONAL DEL ÁREA DE LAS ARTES PARA DESARROLLAR TALLER ARTÍSTICO O ARTETERAPIA
CESFAM|QUÍMICO FARMACÉUTICO
CESFAM|PSICÓLOGA
CESFAM|MÉDICO DIABETÓLOGO
COSAM|PSICÓLOGO/A ADULTOS
COSAM|MÉDICO CON ESPECIALIDAD EN PSIQUIATRÍA INFANTO JUVENIL
CESFAM|EDUCADOR DE PÁRVULO
CESFAM|MÉDICO DE ATENCIÓN GENERAL PARA APS
CESFAM|TÉCNICO PARAMÉDICO CON ESPECIALIDAD EN DENTAL
COSAM|PROFESIONAL PARA EL DESARROLLO DE ERGOTERAPIA
COSAM|ADMINISTRATIVO/A
CESFAM|TECNÓLOGO MÉDICO
SAPU|TENS SAPU
COSAM|PSICÓLOGO PARA REALIZACIÓN DE TALLER MINDFULNESS
CESFAM|ASISTENTE SOCIAL
COSAM|PROFESOR DE EDUCACIÓN FÍSICA PARA DESARROLLAR TALLER DE SALUD FÍSICA
