nro|cometido
1|Coordinar la agenda de Alcaldía con las distintas unidades internas municipales, instituciones externas y reuniones con vecinos de las distintas unidades vecinales de la comuna. Gestionar asuntos de prensa y comunicaciones de la Municipalidad, relaciones públicas, actividades protocolares y actividades comunitarias. 
2|Prestar asesoría mediante la elaboración de informes o estudios especializados relativos al estado de tramitación de las materias de conocimiento y resolución municipal que solicite el Concejo Municipal, y del seguimiento de las consultas o solicitudes emanadas por vecinos o entidades externas, cuya experticia requerida no está presente en funcionarios de la municipalidad.
3|Prestar asesoría, generando insumo a las unidades municipales correspondientes, mediante la elaboración de informes o estudios especializados relativos al control de gestión estratégico financiero, de ejecución y cumplimiento de objeticos, nuevos servicios, proyectos de inversión, construcción de indicadores estratégicos de gestión, cuya experticia requerida no está presente en funcionarios de la municipalidad. Asesorar en la implementación de sistemas de gestión que apoyen la estrategia municipal de mejora continua y creación de valor, cuya experticia requerida no está presente en funcionarios de la municipalidad.
4|Prestar asesoría mediante la elaboración de informes o estudios especializados relativos a los objetivos de la Municipalidad de Vitacura, así como una política de relación con las comunidades a fin de anticipar situaciones o escenarios críticos que se puedan producir con vecinos y/o organizaciones sociales, sean comunitarias o gremiales, generando insumo a las unidades municipales correspondientes, en atención a que la experticia requerida no está presente en funcionarios de la municipalidad.
5|Prestar asesoría mediante la elaboración de informes o estudios especializados relacionados al diseño urbano mediación y gestión del espacio público, equipamiento, movilidad y vialidad metropolitana y comunal, así como el apoyo en la debida inserción de las obras de vialidad urbana y movilidad de la comuna de acuerdo al interés municipal y en la formulación de los ajustes que se requieren del Plan regulador Comunal y otros instrumentos relacionados, generando insumo a las unidades municipales correspondientes, en atención a que la experticia requerida no está presente en funcionarios de la municipalidad.
6|Prestar asesoría mediante la elaboración de informes o estudios especializados relacionados al desarrollo, activación y puesta en valor de hitos naturales de la comuna a través de la integración a la red de áreas verdes y parques comunales, generando insumo a las unidades municipales correspondientes, en atención a que la experticia requerida no está presente en funcionarios de la municipalidad.
7|Prestar asesoría mediante la elaboración de informes o estudios especializados relacionados al diagnóstico y plan de mejoras a los sistemas municipales, incluyendo los sistemas de tecnologías web, orientado a optimizar los flujos de información y elaborar una política de transformación digital, generando insumo a las unidades municipales correspondientes, en atención a que la experticia requerida no está presente en funcionarios de la municipalidad.
8|Prestar asesoría mediante la elaboración de informes o estudios especializados que propendan a la búsqueda de mejoras en el análisis, tratamiento y aprovechamiento de la información y data que se produce en la interacción digital con la comunidad, con el objetivo de mejorar el uso de la información recabada para el diseño y mejoramiento continuo de políticas públicas locales, generando insumo a las unidades municipales correspondientes, en atención a que la experticia requerida no está presente en funcionarios de la municipalidad.
9|Prestar asesoría mediante la elaboración de informes o estudios especializados sobre normativa aplicables al ámbito municipal y/o contratación de estudios e informes de alta especificidad y complejidad jurídica vinculados a materias relacionadas con la gestión municipal, cuya experticia requerida no está presente en funcionarios de la municipalidad.
10|Prestar asesoría y/o consultoría estratégica, generando insumo a las unidades municipales correspondientes, relativa a servicios jurídicos vinculados a una adecuada defensa municipal ante los Tribunales Ordinarios y Especiales de Justicia, Contraloría General de la República u otro órgano jurisdiccional de carácter administrativo, cuya experticia requerida no está presente en funcionarios de la municipalidad.
11|Prestar asesoría, generando insumo a las unidades municipales correspondientes, mediante la elaboración de informes o estudios especializados que incidan en el ámbito municipal o relativos a cuerpos legales que se encuentren en tramitación ante el Congreso Nacional, cuya experticia requerida no está presente en funcionarios de la municipalidad.
12|Prestar asesoría, generando insumo a las unidades municipales correspondientes, mediante la elaboración de informes o estudios especializados sobre Jurisprudencia Judicial y Administrativas en materias de incidencia municipal, cuya experticia requerida no está presente en funcionarios de la municipalidad.
13|Prestar asesoría y prestación de servicios jurídicos a cargo de la representación en juicios en que se vean involucrados los intereses municipales ante los Tribunales Ordinarios o Especiales de Justicia, Contraloría General de la República y otros órganos administrativos que ejerzan jurisdicción, cuya experticia requerida no está presente en funcionarios de la municipalidad.
14|Prestar asesoría mediante la elaboración de informes o estudios especializados respecto del desarrollo de estudios económicos, de variables de mercado y/o de tasación inmobiliaria, asociados a modificaciones, enmiendas o planos de detalle a los instrumentos de planificación territorial, generando insumo a las unidades municipales correspondientes, en atención a que la experticia requerida no está presente en funcionarios de la municipalidad.
15|Prestar asesoría mediante la elaboración de informes o estudios especializados relacionados a la elaboración y desarrollo de modificaciones, enmiendas o planos de detalle, incluyendo su proceso de tramitación y aprobación según normativa vigente, o en los procesos técnico-administrativos, generando insumo a las unidades municipales correspondientes, en atención a que la experticia requerida no está presente en funcionarios de la municipalidad.
16|Prestar asesoría en el estudio, elaboración, definición y desarrollo de procesos de evaluación ambiental estratégica de la comuna, asociadas a modificaciones a los instrumentos de planificación territorial, o en los procesos técnico-administrativos para su contratación externa, generando insumo a las unidades municipales correspondientes, en atención a que la experticia requerida no está presente en funcionarios de la municipalidad.
17|Prestar asesoría en la revisión y evaluación de estudios y/o declaraciones de impacto ambiental, cuya experticia requerida no está presente en funcionarios de la municipalidad.
18|Prestar asesoría en la elaboración de planes, programas, anteproyectos y proyectos relacionadas a la movilidad urbana, generando insumo a las unidades municipales correspondientes, en atención a que la experticia requerida no está presente en funcionarios de la municipalidad.
19|Prestar asesoría en el diagnóstico y seguimiento de planes comunales de movilidad y desarrollo de estrategias para su implementación, generando insumo a las unidades municipales correspondientes, en atención a que la experticia requerida no está presente en funcionarios de la municipalidad.
20|Prestar asesoría en el estudio y monitoreo de barrios residenciales y entornos de plazas, considerando de forma específica determinados cuadrantes, donde se analizará, en cada uno de ellos, el comportamiento actual de la movilidad urbana, generando insumo a las unidades municipales correspondientes, en atención a que la experticia requerida no está presente en funcionarios de la municipalidad.
21|Prestar asesoría en el diseño y desarrollo de procesos de participación ciudadana en el contexto del desarrollo de instrumentos de planificación territorial (modificaciones, enmiendas, planos de detalle), planes, programas y/o estudios urbanos territoriales, cuya experticia requerida no está presente en funcionarios de la municipalidad.
22|Prestar asesoría, generando insumo a las unidades municipales correspondientes, mediante la elaboración de informes o estudios especializados relativo a la formulación de la Imagen Objetivo, asociada a modificaciones del Plan Regulador Comunal, a la unidad municipal correspondiente.
23|Prestar asesoría, generando insumo a las unidades municipales correspondientes, mediante la elaboración de informes o estudios especializados en el análisis y control presupuestario de Ingresos, Gastos y Programas Ministeriales de las áreas de Educación y Salud, cuya experticia requerida no está presente en funcionarios de la municipalidad.
24|Prestar asesoría, generando insumo a las unidades municipales correspondientes, mediante la elaboración de informes o estudios especializados respecto al ámbito económico, social, equipamiento y paisajismo de concesiones municipales, cuya experticia requerida no está presente en funcionarios de la municipalidad.
25|Prestar asesoría y emitir opiniones técnicas mediante la elaboración de informes o estudios especializados respecto a todas las acciones y procesos que actualmente utiliza la Municipalidad y que son necesarios para gestionar la adjudicación y la formalización de los contratos en los procesos de licitación pública mayores a 100 UTM a través de la plataforma Mercado Público.
26|Prestar asesoría generando insumo a las unidades municipales correspondientes, mediante la elaboración de informes o estudios especializados respecto de proyectos de tratamiento del espacio público comunal, cuya experticia requerida no está presente en funcionarios de la municipalidad.
27|Prestar asesoría, generando insumo a las unidades municipales correspondientes, mediante la elaboración de informes o estudios especializados en la evaluación técnica, económica y/o social de los proyectos de inversión en infraestructura territorial, social y comunitaria en proyectos financiados con recursos municipales y/o en proyectos que son postulados para ser financiados con recursos externos, cuya experticia requerida no está presente en funcionarios de la municipalidad.
28|Prestar asesoría, generando insumo a las unidades municipales correspondientes, mediante la elaboración de informes o estudios especializados respecto de anteproyectos y proyectos de arquitectura para los edificios, áreas verdes y equipamiento en los espacios públicos de la comuna e inmuebles municipales, cuya experticia requerida no está presente en funcionarios de la municipalidad.
29|Estudio y revisión de proyectos de arquitectura, que serán especificados en el respectivo contrato.
30|Prestar asesoría, generando insumo a las unidades municipales correspondientes, mediante la elaboración de informes o estudios especializados relativo a proyectos de ingeniería estructural y memoria de cálculo para los edificios y equipamientos en espacios públicos de la comuna, inmuebles y elementos estructurales (muros, cierres, contenciones, fundaciones, estructuras, etc.) en edificios y espacios de uso público y aquellos de mantención municipal, cuya experticia requerida no está presente en funcionarios de la municipalidad.
31|Prestar asesoría, generando insumo a las unidades municipales correspondientes, mediante la elaboración de informes o estudios especializados acerca de la gestión territorial y sectorial asociada a la formulación y materialización de los proyectos de desarrollo comunal y espacio público, cuya experticia requerida no está presente en funcionarios de la municipalidad.
32|Prestar asesoría, generando insumo a las unidades municipales correspondientes, mediante la elaboración de informes o estudios especializados en el desarrollo de Estudios y Procesos de Declaración de "Áreas de protección de Recursos de Valor Patrimonial Cultural" y/o en la elaboración de sus respectivas "Fichas de Valores", que se definan en los procesos técnico-administrativos correspondientes, cuya experticia requerida no está presente en funcionarios de la municipalidad.
33|Prestar asesoría, generando insumo a las unidades municipales correspondientes,  mediante la elaboración de informes o estudios especializados de planes, programas, anteproyectos, proyectos, estudios de base, evaluaciones técnicas y actividades, relacionadas a la accesibilidad universal en el espacio público, plazas y parques de la comuna, considerando las especialidades necesarias y su aprobación, o en los procesos técnico-administrativos para su contratación externa, cuya experticia requerida no está presente en funcionarios de la municipalidad.
34|Prestar asesoría mediante la elaboración de informes o estudios especializados en el proceso de compras públicas, tales como realizar observaciones y recomendaciones respecto de bases de licitación (administrativas generales, administrativas especiales y técnicas), y sub procesos asociados, generando insumos para las u unidades municipales correspondientes.
35|Prestar asesoría, generando insumo a las unidades municipales correspondientes, mediante la elaboración de informes o estudios especializados relacionados a anteproyectos y proyectos de remodelación e interiorismo para edificios municipales, cuya experticia requerida no está presente en funcionarios de la municipalidad.
36|Prestar asesoría, generando insumo a las unidades municipales correspondientes, mediante la elaboración de informes o estudios especializados de carácter patrimonial, tendientes a la protección oficial del patrimonio cultural, al reconocimiento del patrimonio semiológico social o en los procesos técnico - administrativos para su contratación externa, cuya experticia requerida no está presente en funcionarios de la municipalidad.
37|Prestar asesoría, generando insumo a las unidades municipales correspondientes, mediante la elaboración de informes o estudios especializados en la elaboración de los estudios de factibilidad técnica, arquitectura, ingeniería e iluminación para la implementación de proyectos de pasarelas o puentes sobre el Río Mapocho en el territorio comunal de Vitacura, cuya experticia requerida no está presente en funcionarios de la municipalidad.
38|Prestar asesoría, generando insumo a las unidades municipales correspondientes, mediante la elaboración de informes o estudios especializados y específicos de mecánicas de suelo y/o levantamientos topográficos que se requieran para proyectos de desarrollo comunal, cuya experticia requerida no está presente en funcionarios de la municipalidad.
39|Prestar asesoría, generando insumo a las unidades municipales correspondientes, mediante la elaboración de informes o estudios especializados para el desarrollo del "Plan de Inversiones en Infraestructura de Movilidad y Espacio Público", cuya experticia requerida no está presente en funcionarios de la municipalidad.
40|Prestar asesoría, generando insumo a las unidades municipales correspondientes, mediante la elaboración de informes o estudios especializados de mediciones cualitativas y/o cuantitativas y aplicación de indicadores comunales para evaluación, cuya experticia requerida no está presente en funcionarios de la municipalidad.
41|Tramitación y obtención de permisos de urbanización, recepción final y regularizaciones en general de proyectos urbanos ante la dirección de obras y/u otros organismos del estado competentes, que incluye la recopilación y desarrollo de antecedentes específicos a presentar. 
42|Prestar asesoría, generando insumo a las unidades municipales correspondientes, mediante la elaboración de informes o estudios especializados en la elaboración de los estudios de factibilidad técnica, arquitectura, ingeniería e iluminación para la implementación del proyecto Mapocho 42K y otras iniciativas, correspondientes a consolidación del borde del Río Mapocho en el territorio comunal de Vitacura, cuya experticia requerida no está presente en funcionarios de la municipalidad.
43|Prestar asesoría, generando insumo a las unidades municipales correspondientes, mediante la elaboración de informes o estudios especializados para el desarrollo del "Plan de Inversiones en Infraestructura de Movilidad y Espacio Público", en específico para la incorporación de los proyectos de ciclovías y Zonas 30, generando insumo a las unidades municipales correspondientes, en atención a que la experticia requerida no está presente en funcionarios de la municipalidad.
44|Elaborar y desarrollar estudios y/o proyectos de ingeniería sanitaria, proyectos sanitarios, electricidad y mejoramiento eléctrico y/o climatización, para los edificios, obras menores y equipamiento en los espacios públicos de la comuna y dependencias municipales, generando insumo a las unidades municipales correspondientes, en atención a que la experticia requerida no está presente en funcionarios de la municipalidad.
45|Elaborar y desarrollar estudios y proyectos de audio y seguridad, de estacionamientos, de aprovechamiento de aguas para los edificios, obras menores, equipamientos en los espacios públicos y dependencias municipales, generando insumo a las unidades municipales correspondientes, en atención a que la experticia requerida no está presente en funcionarios de la municipalidad.
46|Prestar asesoría, generando insumo a las unidades municipales correspondientes, efectuar diagnósticos y monitorear el desarrollo de proyectos de accesibilidad universal para edificios municipales y/o proyectos de arquitectura, equipamiento, infraestructura y espacio público dentro de la comuna, cuya experticia requerida no está presente en funcionarios de la municipalidad.
47|Prestar asesoría, generando insumo a las unidades municipales correspondientes, en la elaboración de planes, programas, anteproyectos y proyectos relacionadas a la movilidad urbana, en específico en el desarrollo e implementación de la Red de Ciclovías para Vitacura, cuya experticia requerida no está presente en funcionarios de la municipalidad.
48|Elaborar proyectos de ingeniería hidráulica para áreas verdes, plazas y espacios públicos de la comuna, generando insumo a las unidades municipales correspondientes, en atención a que la experticia requerida no está presente en funcionarios de la municipalidad
49|Elaborar proyectos de equipamiento en el espacio público y áreas verdes de la comuna a través de la instalación de mobiliario urbano, pinturas, mosaicos, esculturas, monumentos, juegos infantiles, fuentes de agua, bebederos, murales y otra de similar naturaleza a las enunciadas y/o su tramitación para la obtención de permiso y recepción en los diferentes organismos correspondientes, generando insumo a las unidades municipales correspondientes, en atención a que la experticia requerida no está presente en funcionarios de la municipalidad.
50|Elaborar estudios, análisis y proyectos de paisajismo y/o riego para diferentes áreas verdes y espacios públicos de la comuna, generando insumo a las unidades municipales correspondientes, en atención a que la experticia requerida no está presente en funcionarios de la municipalidad.
51|Elaborar proyectos de señalética para los edificios, parques y plazas de la comuna, áreas verdes, Punto Limpio y Mini Punto Limpio, equipamiento en los espacios públicos de la comuna e inmuebles municipales y/o estudio de diseño e implementación de señalética educativa con nombres de especies vegetales en áreas verdes, nombre del área verde u otra labor educativa de interés municipal, generando insumo a las unidades municipales correspondientes, en atención a que la experticia requerida no está presente en funcionarios de la municipalidad.
52|Elaborar estudios y proyectos de arquitectura y especialidades para Piscinas Municipales y/o áreas deportivas, generando insumo a las unidades municipales correspondientes, en atención a que la experticia requerida no está presente en funcionarios de la municipalidad.
53|Elaborar informes y/o proyectos de cálculo para los edificios, obras menores, equipamientos en los espacios públicos y dependencias municipales, generando insumo a las unidades municipales correspondientes, en atención a que la experticia requerida no está presente en funcionarios de la municipalidad.
54|Prestar asesoría, generando insumo a las unidades municipales correspondientes, mediante la elaboración de informes o estudios especializados sobre legislación vigente, dictámenes, excepciones por ley que afecten los cobros por ocupación de BNUP y que afectan la ordenanza de derechos, cuya experticia requerida no está presente en funcionarios de la municipalidad.
55|Elaborar estudios especializados sobre el análisis de aprovechamiento de aguas de riego en exceso que caen a calzada para su recolección tratamiento y reinserción al acuífero, generando insumo a las unidades municipales correspondientes, en atención a que la experticia requerida no está presente en funcionarios de la municipalidad.
56|Elaboración de informes o estudios especializados sobre mejoras al diseño de pasos peatonales, respecto de rejillas de borde con soleras, por baja escorrentía, obstrucción con hojas y sustracción de elementos del BNUP, generando insumo a las unidades municipales correspondientes, en atención a que la experticia requerida no está presente en funcionarios de la municipalidad.
57|Elaborar proyectos de automatización de riego en base a telemetría, para contar con riego inteligentes, generando insumo a las unidades municipales correspondientes, en atención a que la experticia requerida no está presente en funcionarios de la municipalidad.
58|Elaboración de estudios especializados para reducir el consumo hídrico en las áreas verdes de la comuna, con planes a corte, mediano y largo plazo, generando insumo a las unidades municipales correspondientes, en atención a que la experticia requerida no está presente en funcionarios de la municipalidad.
59|Realizar estudios especializados y rediseño de parques recreativos caninos, generando insumo a las unidades municipales correspondientes, en atención a que la experticia requerida no está presente en funcionarios de la municipalidad.
60|Realizar estudio de actualización de catastro de arbolado urbano, toma de datos forestales y poblamiento de datos entregados a través de sistema GIS y entrega de propuesta de plan director comunal, considerando parámetros de sustentabilidad y especies presentes con limitaciones y/o actualización y migración de datos de Parques y Jardines a sistema GIS, generando insumo a las unidades municipales correspondientes, en atención a que la experticia requerida no está presente en funcionarios de la municipalidad.
61|Realizar levantamiento topográfico a objeto de confeccionar planos digitales de áreas verdes que no cuentan con planos o actualizaciones de planos bajo formato digital, generando insumo a las unidades municipales correspondientes, en atención a que la experticia requerida no está presente en funcionarios de la municipalidad.
62|Efectuar estudios especializados sobre diseño de Programa de Biodiversidad y/o Proyecto de Arbolado Urbano Sustentable, generando insumo a las unidades municipales correspondientes, en atención a que la experticia requerida no está presente en funcionarios de la municipalidad.
63|Prestar asesoría para el levantamiento de información y/o desarrollo de plataformas en sistemas de información geográfica (observatorio, geo portal u otro). cuya experticia requerida no está presente en funcionarios de la municipalidad.
64|Realizar la recopilación, catastro, indexación y digitalización de información comunal de plataformas de georreferenciación y análisis territorial, proporcionando las respectivas bases de datos, análisis y conclusiones generando insumo a las unidades municipales correspondientes, en atención a que la experticia requerida no está presente en funcionarios de la municipalidad.
65|Prestar asesorías, generando insumo a las unidades municipales correspondientes, en el seguimiento de proyectos en el espacio público y de infraestructura desarrollados por el municipio, así como también el desarrollo de planimetrías de sus posibles modificaciones, correcta inserción en el espacio público y la tramitación de estas ante los respectivos organismos competentes, cuya experticia requerida no está presente en funcionarios de la municipalidad.
66|Prestar asesoría en la supervisión de desarrollo de especialidades para proyectos municipales, incluida la elaboración de expedientes técnicos para su ejecución, cuya experticia requerida no está presente en funcionarios de la municipalidad.
67|Realizar estudios específicos de modelaciones de transporte, catastros físicos y operativos, proyectos de pavimentación, aguas lluvias, semaforización, modificación de servicios públicos, iluminación, electricidad y riego, incluyendo cubicación y presupuestos, entre otro, para proyectos en espacios públicos de la comuna, considerando las aprobaciones ante organismos pertinentes, cuya experticia requerida no está presente en funcionarios de la municipalidad.
68|Realizar levantamientos catastrales y de información variada mediante sistemas tradicionales, aéreos y/o drones o similar, generando insumo a las unidades municipales correspondientes, en atención a que la experticia requerida no está presente en funcionarios de la municipalidad.
69|Realizar asesorías, generando insumo a las unidades municipales correspondientes, en procesos de participación de vecinos, que contemplen tareas como levantamiento de información, elaboración de encuestas, análisis de datos, desarrollo de mesas de trabajo, mediación y/o diálogo u otros similares que se requieran durante el desarrollo de estudios, planes o proyectos, generando insumo a las unidades municipales correspondientes, en atención a que la experticia requerida no está presente en funcionarios de la municipalidad
70|Elaborar tasaciones comerciales y estudios de cabida, generando insumo a las unidades municipales correspondientes, en atención a que la experticia requerida no está presente en funcionarios de la municipalidad.
71|Prestar asesoría, generando insumo a las unidades municipales correspondientes, mediante la elaboración de informes o estudios especializados respecto de la elaboración, diseño, evaluación del Plan de Desarrollo Comunal, cuya experticia requerida no está presente en funcionarios de la municipalidad.
72|Realizar informes sobre normativas específicas aplicables al ámbito municipal de la Subdirección de Gestión del Espacio Público o aquellos que se requieran como insumo para la unidad municipal correspondiente, para la adecuada elaboración de bases de licitación de una materia específica fuera de sus competencias.
73|Elaborar estudio económico, social, equipamiento y paisajismo de concesiones municipales, generando insumo a las unidades municipales correspondientes, en atención a que la experticia requerida no está presente en funcionarios de la municipalidad.
74|Realización estudios específicos de levantamientos topográficos que se requieran para el estudio de Concesiones y solicitudes de Permisos Precarios, generando insumo a las unidades municipales correspondientes, en atención a que la experticia requerida no está presente en funcionarios de la municipalidad.
75|Elaboración de informes y/o proyectos de cálculo estructural para determinar resistencia de losa en Plaza Cívica sobre estacionamientos de nivel 0, generando insumo a las unidades municipales correspondientes.
76|Elaboración de maquetas 3D, imágenes/renders, de proyectos de arquitectura y espacio público, fotomontajes y registros de video y fotografía aérea a través de dron o sobrevuelo de situación actual y/o propuesta, generando insumo a las unidades municipales correspondientes, en atención a que la experticia requerida no está presente en funcionarios de la municipalidad.
77|Prestar asesoría, generando insumo a las unidades municipales correspondientes, mediante la elaboración de informes o estudios especializados, consultorías legales y normativa urbanística, estrategia, gestión, permisos y otros propios del desarrollo de iniciativas, planes y proyectos en la comuna, cuya experticia requerida no está presente en funcionarios de la municipalidad.
78|Elaboración de estudios especializados, generando insumo a las unidades municipales correspondientes sobre el programa de fiscalización, educación y difusión de tenencia responsable de mascotas en espacios públicos de la comuna, cuya experticia requerida no está presente en funcionarios de la municipalidad.
79|Prestar servicios profesionales específicos de medicina del comportamiento para perros y gatos de la comuna, generando insumo a las unidades municipales correspondientes, en atención a que la experticia requerida no está presente en funcionarios de la municipalidad.
80|Prestar apoyo en la elaboración y/o confección de catastros de entrega de contenedores en viviendas y edificios que reciclan, de medidores de agua potable en las áreas verdes en mantención municipal y gestión de consumos, de arbolado en áreas verdes o en otras áreas que pueda requerir el municipio, generando insumo a las unidades municipales correspondientes, en atención a que la experticia requerida no está presente en funcionarios de la municipalidad.
81|Realizar estudio de diagnóstico incorporación municipal a ley responsabilidad extendida del productor (REP), generando insumo a las unidades municipales correspondientes, en atención a que la experticia requerida no está presente en funcionarios de la municipalidad.
82|Elaborar diseño e implementación de tótems para árboles patrimoniales de la comuna de Vitacura, cuya experticia requerida no está presente en funcionarios de la municipalidad.
83|Diseñar y desarrollar códigos QR con información general sobre especies arbóreas existentes en la comuna, generando insumo a las unidades municipales correspondientes para ser instalados en ejemplares del espacio público y áreas verdes, cuya experticia requerida no está presente en funcionarios de la municipalidad.
84|Elaborar estudio y diagnóstico especializado, generando insumo a las unidades municipales correspondientes, respecto de plagas existentes en las especies vegetales y arbóreas de la comuna y propuesta de control, cuya experticia requerida no está presente en funcionarios de la municipalidad.
85|Elaborar y ejecutar capacitaciones a jardineros para reducir el consumo hídrico, cuya experticia requerida no está presente en funcionarios de la municipalidad.
86|Prestar asesoría, generando insumo a las unidades municipales correspondientes, mediante la elaboración de informes o estudios especializados y diseñar un modelo de cobro diferenciado para los derechos de aseos de la comuna, cuya experticia requerida no está presente en funcionarios de la municipalidad.
87|Elaborar estudios especializados, generando insumo a las unidades municipales correspondientes, para el mejoramiento de diseño y drenaje de bebederos incorporando bebederos para perros, tratamiento de superficies con maicillo a objeto de reducir polvo en suspensión y escurrimiento hacia sumideros y calzadas. Búsqueda de tecnologías alternativas aplicables para los tratamientos de restos vegetales in-situ que reduzcan el volumen y permitan la reutilización en áreas verdes, efecto del riego nocturno en la Huella del Agua, y/o elaborar proyectos de ingeniería hidráulica para la captación e impulsión de agua para diferentes plazas de la comuna, cuya experticia requerida no está presente en funcionarios de la municipalidad.
88|Prestar asesoría, generando insumo a las unidades municipales correspondientes en la elaboración de exigencias técnicas y de riego a considerar en la mantención de áreas verdes, considerando los distintos tipos de intensidad de suelo y/o asesorar en manejo de césped en áreas verdes de la comuna, cuya experticia requerida no está presente en funcionarios de la municipalidad.
89|Realizar estudios y evaluación de captura de carbono en áreas verdes y sus implicancias comunales, de escurrimiento e infiltraciones de aguas superficiales en áreas verdes, generando insumo a las unidades municipales correspondientes, en atención a que la experticia requerida no está presente en funcionarios de la municipalidad.
90|Realizar estudio de población del año 2025, las que se especificaran en cada contrato, tales como canina, roedores Urbanos, ornitológico, Lagomorfos, entre otros, generando insumo a las unidades municipales correspondientes, en atención a que la experticia requerida no está presente en funcionarios de la municipalidad.
91|Realizar asesoría técnica en la elaboración de bases técnicas para control de plagas en la comuna de Vitacura, generando insumo a las unidades municipales correspondientes, en atención a que la experticia requerida no está presente en funcionarios de la municipalidad.
92|Realizar estudios de variables ambientales (acústicas, térmicas, etc.) en diferentes sectores de la comuna, estudios de mitigaciones acústicas en edificios municipales y/o análisis de estudios acústicos presentados, generando insumo a las unidades municipales correspondientes, en atención a que la experticia requerida no está presente en funcionarios de la municipalidad.
93|Realizar estudios y desarrollo de Proyectos: Valorización Energética de Residuos Vegetales y/o Valorización Energética de Residuos Sólidos Domiciliarios, y/o Realizar estudio de factibilidad de reducción de frecuencias de recolección de residuos domiciliarios, generando insumo a las unidades municipales correspondientes, en atención a que la experticia requerida no está presente en funcionarios de la municipalidad.
94|Realizar estudios de optimización de rutas de vehículos del contrato de recolección de residuos sólidos domiciliarios, generando insumo a las unidades municipales correspondientes, en atención a que la experticia requerida no está presente en funcionarios de la municipalidad.
95|Prestar servicios profesionales de atención primaria veterinaria para mascotas de vecinos de la comuna en los distintos operativos que se desarrollen, cuya experticia requerida no está presente en funcionarios de la municipalidad.
96|Desarrollar un aplicativo para móviles o PCs, para poder valorizar el Arbolado Urbano, cuya experticia requerida no está presente en funcionarios de la municipalidad.
97|Realizar estudios de floración en arboles ornamentales para controlar polen y frutos, generando insumo a las unidades municipales correspondientes, en atención a que la experticia requerida no está presente en funcionarios de la municipalidad.
98|Realizar levantamiento y actualización inventario vegetal y mobiliario en áreas verdes de la comuna, generando insumo a las unidades municipales correspondientes, en atención a que la experticia requerida no está presente en funcionarios de la municipalidad.
99|Prestar colaboración, apoyo y asesoría en la gestión de los concejales durante el año 2025; asistir a los concejales en las sesiones y comisiones de trabajo del concejo municipal; asistir técnicamente a los concejales en todo lo relacionado a la ley del lobby y en todas aquellas materias propias al cargo.
100|Realizar la labor de encargada a nivel protocolar y operativo de los requerimientos del concejo municipal; efectuar la coordinación de las comisiones de trabajo del concejo municipal, lo que incluye su citación, recopilación y preparación de los antecedentes necesarios para estas; atender los requerimientos que efectúen los concejales en el ejercicio de sus funciones; coordinar y agendar las distintas actividades protocolares en las que se requiera la participación de los concejales durante el año 2025.
101|Asesorar mediante informes o estudios específicos en materias de la Política de Recursos Humanos, incluyendo aspectos relacionados a la gestión por competencias, evaluación de desempeño, clima laboral, capacitación y comunicaciones internas, reclutamiento y selección de personal, además de la implementación de proyectos, generando insumo a las unidades municipales correspondientes, en atención a que la experticia requerida no está presente en funcionarios de la municipalidad.
102|Asesorar mediante informes o estudios específicos en temáticas de desarrollo organizacional y recursos humanos, para la mejora continua del clima laboral, el alineamiento estratégico y la disminución de brechas de desempeño esperado de los funcionarios a través de los procesos de descripciones de cargo, evaluación de desempeño, comunicaciones internas y elaboración e implementación de proyectos de recursos humanos, generando insumo a las unidades municipales correspondientes, en atención a que la experticia requerida no está presente en funcionarios de la municipalidad.
103|Elaborar e implementar proyectos o capacitaciones orientados al fortalecimiento de calidad de vida laboral y la conciliación - familia trabajo del personal, generando insumo a las unidades municipales correspondientes, en atención a que la experticia requerida no está presente en funcionarios de la municipalidad.
104|Ejecutar charlas presenciales o en modalidad on-line en materias de desarrollo personal, autocuidado, protección de autoestima y otras que permitan potenciar la calidad de vida personal y laboral, generando insumo a las unidades municipales correspondientes, en atención a que la experticia requerida no está presente en funcionarios de la municipalidad.
105|Prestar asesorías mediante informes o estudios especializados en materia de recursos humanos relacionados con su organización, estructura y otras relacionadas con la gestión de personas que se deriven de materias legales específicas, control de riesgos y otros asociados a la gestión municipal, entre otros, generando insumo a las unidades municipales correspondientes, en atención a que la experticia requerida no está presente en funcionarios de la municipalidad.
106|Prestar asesorías mediante informes o estudios especializados en la elaboración, confección y manejo de la información y data estadística para las diversas materias que permita una adecuada gestión y análisis de procesos internos, generando insumo a las unidades municipales correspondientes, en atención a que la experticia requerida no está presente en funcionarios de la municipalidad.
107|Realizar labores de apoyo e implementación que sean requeridos en los procesos eleccionarios nacionales, comunales u otros que sean pertinentes.
108|Apoyo y difusión de los programas y campañas de salud.
109|Prestar asesoría mediante la elaboración de informes o estudios especializados relacionados al diseño, formulación y gestión de proyectos vinculados a seguridad pública, generando insumo a las unidades municipales correspondientes, en atención a que la experticia requerida no está presente en funcionarios de la municipalidad.
110|Prestar asesoría mediante la elaboración de informes o estudios especializados acerca de medición, conteo, monitoreo y análisis de flujos y movilidad de usuarios en sectores, vías o puntos determinados y/o asesorar en proyectos viales y operacionales en materia de movilidad, regulación y ordenamiento de la comuna, entre otras necesidades en materia de tránsito, generando insumo a las unidades municipales correspondientes, en atención a que la experticia requerida no está presente en funcionarios de la municipalidad.
111|Elaboración, edición, reedición, producción y diseño de manuales o documentos que contengan información comunal, libros o contenido actualizado de la comuna, generando insumo a las unidades municipales correspondientes, en atención a que la experticia requerida no está presente en funcionarios de la municipalidad.
112|Edición y producción de material videográfico, audios, trasmisiones mediante streaming, operación de cámara de video y sistema de sonido en actividades de carácter municipal, generando insumo a las unidades municipales correspondientes, en atención a que la experticia requerida no está presente en funcionarios de la municipalidad.
113|Servicios de locución en actividades municipales, en atención a que la experticia requerida no está presente en funcionarios de la municipalidad.
114|Prestar asesoría mediante la elaboración de informes o estudios especializados relativos a la factibilidad técnica para la implementación de red wifi en la comuna, generando insumo a las unidades municipales correspondientes, en atención a que la experticia requerida no está presente en funcionarios de la municipalidad.
115|Prestar asesoría mediante la elaboración de informes o estudios especializados relacionados al desarrollo e implementación de mejoras al sistema informático de gestión de obras y/o elaboración de estudio para digitalizar funcionamiento de cobros de la unidad de Aseo y documentación pertinentes, generando insumo a las unidades municipales correspondientes, en atención a que la experticia requerida no está presente en funcionarios de la municipalidad.
116|Prestar asesoría mediante la elaboración de informes o estudios especializados relativos al desarrollo e implementación de sistemas de "Business Intelligence" (cubos de información, "OLAP" procesamiento analítico en línea (Online Analytical Processing), generando insumo a las unidades municipales correspondientes, en atención a que la experticia requerida no está presente en funcionarios de la municipalidad.
117|Prestar asesoría en la elaboración de especificación de requerimientos para el levantamiento de BPM a los procesos municipales, generando insumo a las unidades municipales correspondientes, en atención a que la experticia requerida no está presente en funcionarios de la municipalidad.
118|Prestar asesoría mediante estudios especializados relacionado con tecnologías e-learning para el desarrollo de una propuesta municipal, generando insumo a las unidades municipales correspondientes, en atención a que la experticia requerida no está presente en funcionarios de la municipalidad.
119|Prestar asesorías, generando insumo a las unidades municipales correspondientes, mediante informes o estudios especializados relacionados a la integración de procesos municipales y en tecnologías de realidad aumentada, implementación de nuevos sistemas computacionales para el municipio, nuevas tecnologías de sistemas operativos en dispositivos móviles y sus aplicaciones, integración de módulos de auto atención para las diferentes unidades municipales, mejores prácticas de soporte computacional, mejores prácticas de Gobierno TI, mejores prácticas de  CRM (Gestión de las relaciones con clientes ), cuya experticia requerida no está presente en funcionarios de la municipalidad.
120|Elaborar estudios especializados acerca de métricas municipales para el control y monitoreo del CRM municipal, estudio y/o asesoramiento de tendencias relativas al uso de tecnología web, estudio de carga de redes transaccionales y distribución de flujo sobre redes transaccionales, análisis de nuevas tecnologías mundiales para implementación municipal, generando insumo a las unidades municipales correspondientes, en atención a que la experticia requerida no está presente en funcionarios de la municipalidad.
121|Elaborar informes sobre el análisis y estudio especializado respecto de la implementación de diversos sistemas municipales, Infraestructura Municipal TI, procedimientos municipales TI, Softwares y/o tecnologías que permitan auditar las transacciones de pago municipal, generando insumo a las unidades municipales correspondientes, en atención a que la experticia requerida no está presente en funcionarios de la municipalidad.
122|Prestar asesoría mediante la elaboración de informes o estudios especializados que permitan un diagnóstico y posterior acompañamiento en la metodología necesaria para el levantamiento de procesos, procedimientos y riesgos, relacionados con la Dirección de Control, en concordancia con la normativa actual según ISO 9001 año 2015, generando insumo a las unidades municipales correspondientes, en atención a que la experticia requerida no está presente en funcionarios de la municipalidad.
123|Prestar asesoría a la Dirección de Informática para la especificación de requerimientos de una mesa de ayuda municipal, realizar estudio de tecnologías de impresión 3D para usos municipales, realizar estudio de las principales tecnologías existentes para la utilización eficiente de recursos computacionales; características, costos y posibilidades de implementación y/o asesorar en la elaboración de ETL, dashboard de Power BI y querys complejas sobre la iniciativa municipal y para la conectividad de bases de datos complejas para la iniciativa Vecino Digital, generando insumo a las unidades municipales correspondientes, en atención a que la experticia requerida no está presente en funcionarios de la municipalidad.
124|Crear y/o diseñar aplicaciones móviles para plataformas IOS, ANDROID y PCs, que sean necesarias y/o requeridas por las Direcciones Municipales, en atención a que la experticia requerida no está presente en funcionarios de la municipalidad.
125|Prestar asesoría especializada en el estudio de nuevas normativas asociadas a las competencias de la Asesoría Urbana, generando insumo a las unidades municipales correspondientes, en atención a que la experticia requerida no está presente en funcionarios de la municipalidad.
126|Prestar asesoría especializada para el desarrollo de estudios previos para la formulación de modificaciones, enmiendas o planos de detalle del Plan Regulador Comunal, generando insumo a las unidades municipales correspondientes, en atención a que la experticia requerida no está presente en funcionarios de la municipalidad.
127|Prestar asesoría especializada para el desarrollo de estudios técnicos asociados al Plan Regulador Comunal, tales como Estudios de Movilidad Urbana, Estudio de Equipamiento Comunal, Estudio de Riesgos, Estudio de las Áreas de Protección de valor natural, Estudios de las Áreas de Protección de valor patrimonial cultural, Estudio de Factibilidad Sanitaria, Estudio de Infraestructura Energética, entre otros, generando insumo a las unidades municipales correspondientes, en atención a que la experticia requerida no está presente en funcionarios de la municipalidad.   
128|Prestar asesoría en el estudio especializado, elaboración, definición y desarrollo de procesos de evaluación ambiental estratégica de la comuna, asociadas a modificaciones a los instrumentos de planificación territorial, o en los procesos técnico-administrativos para su contratación externa, generando insumo a las unidades municipales correspondientes, en atención a que la experticia requerida no está presente en funcionarios de la municipalidad.
129|Prestar asesoría especializada en mediación y gestión de proyectos viales ante organismos competentes, en atención a que la experticia requerida no está presente en funcionarios de la municipalidad.
130|Prestar asesoría para estudios hidrológicos e hidráulicos asociados a la caja del río y a las defensas fluviales del río Mapocho u otros, generando insumo a las unidades municipales correspondientes, en atención a que la experticia requerida no está presente en funcionarios de la municipalidad.
131|Prestar asesoría especializada en el desarrollo de proyectos de diseño urbano, vialidad y estructuras., generando insumo a las unidades municipales correspondientes, en atención a que la experticia requerida no está presente en funcionarios de la municipalidad.
132|Prestar asesoría especializada en la mediación, revisión y seguimiento de los EISTU o IMIV, considerando las gestiones que sean necesarias para la correcta inserción coordinada de sus medidas de mitigación en la vialidad y su contexto urbano, cuya experticia requerida no está presente en funcionarios de la municipalidad.
133|Realizar labores de apoyo editorial, audiovisual y/o diseño gráfico para las distintas temáticas de competencia de la Asesoría Urbana, tales como estudios urbanos, planos de detalle, modificaciones, enmiendas al Plan Regulador Comunal, Plan de Inversión en Infraestructura de Movilidad y Espacio Público, proyectos de infraestructura en movilidad, entre otros, generando insumo a las unidades municipales correspondientes, en atención a que la experticia requerida no está presente en funcionarios de la municipalidad.
134|Prestar asesoría especializada en el diseño urbano, mediación y gestión de espacio público, equipamiento, movilidad y vialidad metropolitana y comunal, así como el apoyo en la debida inserción de las obras de vialidad urbana y movilidad de la comuna de acuerdo al interés municipal y en la formulación de los ajustes que se requieran al Plan Regulador Comunal y otros instrumentos relacionados, generando insumo a las unidades municipales correspondientes, en atención a que la experticia requerida no está presente en funcionarios de la municipalidad.
135|Prestar asesoría especializada para el desarrollo del "Plan de Inversiones en Infraestructura de Movilidad y Espacio Público", generando insumo a las unidades municipales correspondientes, en atención a que la experticia requerida no está presente en funcionarios de la municipalidad.
136|Prestar asesoría especializada en la evaluación técnico-económica y social de los proyectos de inversión en infraestructura territorial, vial, social y comunitaria, que se definan en cada contrato, generando insumo a las unidades municipales correspondientes, en atención a que la experticia requerida no está presente en funcionarios de la municipalidad.
137|Prestar asesoría especializada en la elaboración de planes, programas, anteproyectos y proyectos relacionadas a la movilidad urbana, generando insumo a las unidades municipales correspondientes, en atención a que la experticia requerida no está presente en funcionarios de la municipalidad.
138|Prestar asesoría especializada en el diagnóstico y seguimiento de planes comunales de movilidad y desarrollo de estrategias para su implementación, generando insumo a las unidades municipales correspondientes, en atención a que la experticia requerida no está presente en funcionarios de la municipalidad.
139|Elaborar diagnósticos, estudios especializados y evaluaciones sobre la movilidad comunal y propuestas para el fomento del uso de medios de transporte sustentables, generando insumo a las unidades municipales correspondientes, en atención a que la experticia requerida no está presente en funcionarios de la municipalidad.
140|Elaborar estudios especializados de mediciones, conteo, monitoreo y análisis de flujos y movilidad de usuarios en sectores, vías o puntos determinados, generando insumo a las unidades municipales correspondientes, en atención a que la experticia requerida no está presente en funcionarios de la municipalidad.
141|Prestar asesoría especializada en el estudio y monitoreo de barrios residenciales y entornos de plazas, considerando de forma específica determinados cuadrantes, donde se analizará, en cada uno de ellos, el comportamiento actual de la movilidad urbana, generando insumo a las unidades municipales correspondientes, en atención a que la experticia requerida no está presente en funcionarios de la municipalidad.
142|Prestar asesoría especializada en la evaluación e implementación de proyectos de intermodalidad, generando insumo a las unidades municipales correspondientes, en atención a que la experticia requerida no está presente en funcionarios de la municipalidad.
143|Prestación de servicios profesionales en funciones especializadas como Inspección Técnica Externa de Servicios u Obras, de contratos municipales según se defina en cada caso, en atención a que la experticia requerida no está presente en funcionarios de la municipalidad.
144|Desarrollo e Implementación de plataformas digitales para procesos de participación con vecinos, consultas, encuestas u otras actividades similares que requieran el desarrollo de soporte digital, cuya experticia requerida no está presente en funcionarios de la municipalidad.
145|Asesoraría especializada en la evaluación de materias, encomendadas por la Dirección de Control, en áreas relacionadas con obras municipales, materias informáticas de las tecnologías de la información u otras específicas, con el fin de emitir informes de profesionales o técnicos, para el posterior desarrollo de auditoria o fiscalización en la Dirección de Control, cuya experticia requerida no está presente en funcionarios de la municipalidad.
146|Asesoría en la evaluación y respuestas de Estudio y/o Declaraciones de Impacto Ambiental, ingresados al Sistema de Evaluación Ambiental que se ejecuten en la comuna, cuya experticia requerida no está presente en funcionarios de la municipalidad.
147|Realizar estudio, diseño y creación de un juego interactivo digital para utilizarlo en computador dirigido a las charlas de reciclaje que se realizan en Punto Limpio, en atención a que la experticia requerida no está presente en funcionarios de la municipalidad.
148|Prestar asesoría en Programa de Reciclaje Orgánico, capacitación para el Programa de Reciclaje Orgánico en Colegios y Jardines de la comuna y/o efectuar campaña de difusión que impliquen cambios de hábitos de la comunidad en relación a reducir, reutilizar y reciclar, cuya experticia requerida no está presente en funcionarios de la municipalidad.
149|Asesoría en el diseño y especificación de los requerimientos para el desarrollo e implementación de sistemas de información computacional para la Dirección de Medio Ambiente, Aseo y Ornato, generando insumo a las unidades municipales correspondientes, en atención a que la experticia requerida no está presente en funcionarios de la municipalidad.
150|Realizar el cometido y labor específica de taquigrafía y transcripción de las sesiones del concejo municipal a celebrarse durante el año 2025, cuya experticia requerida no está presente en funcionarios de la municipalidad.
151|Prestar asesoría en mediación y gestión de proyectos viales ante organismos competentes, cuya experticia requerida no está presente en funcionarios de la municipalidad.
152|Realizar apoyo en la confección de herramientas NFC para los servicios municipales (Sistema Aplicaciones basadas en tarjetas de cercanía, símil funcionamiento tarjeta Bip), cuya experticia requerida no está presente en funcionarios de la municipalidad.
153|Apoyo en la creación y consumo de tecnologías API (Interfase para intercambiar datos entro dos o más sistemas), cuya experticia requerida no está presente en funcionarios de la municipalidad.
154|Prestar asesoría a las personas que requieran asistencia y cuidados en la sala de primeros auxilios, cuya experticia requerida no está presente en funcionarios de la municipalidad.
155|Asesorar respecto al estado del equipo, instrumental, materia de curación y medicamentos, reportando oportunamente las necesidades de mantenimiento, reparación y suministro, conforme a los procedimientos establecidos en el Departamento de Prevención de Riesgos, generando insumo a las unidades municipales correspondientes, en atención a que la experticia requerida no está presente en funcionarios de la municipalidad.
156|Asesorar en la ejecución de los Programas de Seguridad e Higiene, y otros vinculados a las personas, generando insumo a las unidades municipales correspondientes, en atención a que la experticia requerida no está presente en funcionarios de la municipalidad.
157|Asesorar en el proceso de transformación digital del Estado, según la Ley N° 21.180, entregando opiniones técnicas e insumos para una adecuada implementación, cuya experticia no está presente en funcionarios de la municipalidad.
158|Prestar asesoría en la implementación de una mesa de soporte, cuya experticia no está presente en funcionarios de la municipalidad.
159|Prestar asesoría, generando insumo a las unidades municipales correspondientes, mediante la elaboración de informes o estudios especializados y específicos respecto a estimaciones de presupuestos, precios de lista, precios unitarios, partidas y cubicaciones, que permitan determinar con mayor certeza los requerimientos presupuestarios de diferentes iniciativas y proyectos de inversión municipales, cuya experticia requerida no está presente en funcionarios de la municipalidad.
160|Realización de digitalización, catastro, registro, actualización de inventario y estudio de todos los documentos físicos (carpetas, archivadores, etc.) de los permisos precarios otorgados y/o administrados por la subdirección de gestión del espacio público y la elaboración de una base de datos digital que genere un insumo para dicha unidad municipal, cuya experticia requerida no está presente en funcionarios de la municipalidad.
161|Prestar asesoría, generando insumo a las unidades municipales correspondientes, mediante la elaboración de informes, estudios y proyectos especializados, relativos a proyectos de equipamiento para dependencias municipales y espacios públicos, cuya experticia requerida no está presente en funcionarios de la municipalidad.
162|Asesorar en el análisis de la nueva normativa de contaminación lumínica contenida en el DS N°1 (señalar año) del Ministerio del Medio Ambiente, entregando insumos y opiniones técnicas respecto a los procesos internos del alumbrado público y empresas de publicidad, cuya experticia requerida no está presente en funcionarios de la municipalidad.
163|Entregar insumos y opiniones técnicas, obtenidas de la verificación en terreno de la nueva normativa eléctrica, que se encuentre vigente (tales como pliegos técnicos RIC), respecto de obras de mitigación y proyectos que se encuentren en desarrollo en la comuna, cuya experticia requerida no está presente en funcionarios de la municipalidad.
164|Asesorar y realizar la aplicación de pliegos intervenciones de emergencia de SERVIU (IPE o IDE), para ejecución y aprobación de SERVIU y/o MOP, con el objetivo de realizar el proceso de forma más expedita y a un menor costo, cuya experticia requerida no está presente en funcionarios de la municipalidad.
165|Prestar asesoría e inspección técnica en terreno, generando insumo a las unidades municipales correspondientes, mediante la elaboración de informe, planes o estudios especializados relativos a la gestión del riesgo de desastres, cuya experticia requerida no está presente en funcionarios de la municipalidad.